file_name,time_taken,num_frames,fps
test_aiming1_subject1_keypoints.npy,237.9680,1000,43.23
test_aiming1_subject4_keypoints.npy,26.9781,1000,37.07
test_aiming2_subject2_keypoints.npy,7.5665,1000,132.16
test_aiming2_subject3_keypoints.npy,19.3318,1000,51.73
test_aiming2_subject5_keypoints.npy,12.5090,1000,79.94
test_dance1_subject1_keypoints.npy,18.1242,1000,55.17
test_dance1_subject2_keypoints.npy,12.3427,1000,81.02
test_dance1_subject3_keypoints.npy,43.8719,1000,22.79
test_dance2_subject1_keypoints.npy,24.0887,1000,41.51
test_dance2_subject2_keypoints.npy,12.9987,1000,76.93
test_dance2_subject3_keypoints.npy,32.4144,1000,30.85
test_dance2_subject4_keypoints.npy,33.0212,1000,30.28
test_dance2_subject5_keypoints.npy,16.1250,1000,62.02
test_fallAndGetUp1_subject1_keypoints.npy,9.2073,1000,108.61
test_fallAndGetUp1_subject4_keypoints.npy,9.5543,1000,104.66
test_fallAndGetUp1_subject5_keypoints.npy,12.4084,1000,80.59
test_fallAndGetUp2_subject2_keypoints.npy,22.9583,1000,43.56
test_fallAndGetUp2_subject3_keypoints.npy,18.7900,1000,53.22
test_fallAndGetUp3_subject1_keypoints.npy,8.3499,1000,119.76
test_fight1_subject2_keypoints.npy,21.8328,1000,45.80
test_fight1_subject3_keypoints.npy,28.6247,1000,34.93
test_fight1_subject5_keypoints.npy,22.1868,1000,45.07
test_fightAndSports1_subject1_keypoints.npy,17.4361,1000,57.35
test_fightAndSports1_subject4_keypoints.npy,23.5111,1000,42.53
test_ground1_subject1_keypoints.npy,13.3371,1000,74.98
test_ground1_subject4_keypoints.npy,13.4731,1000,74.22
test_ground1_subject5_keypoints.npy,3.3852,1000,295.41
test_ground2_subject2_keypoints.npy,8.5345,1000,117.17
test_ground2_subject3_keypoints.npy,14.3502,1000,69.69
test_jumps1_subject1_keypoints.npy,32.0627,1000,31.19
test_jumps1_subject2_keypoints.npy,14.1278,1000,70.78
test_jumps1_subject5_keypoints.npy,16.8152,1000,59.47
test_multipleActions1_subject1_keypoints.npy,8.8480,1000,113.02
test_multipleActions1_subject2_keypoints.npy,14.0376,1000,71.24
test_multipleActions1_subject3_keypoints.npy,11.7254,1000,85.28
test_multipleActions1_subject4_keypoints.npy,4.1564,1000,240.59
test_obstacles1_subject1_keypoints.npy,45.5379,1000,21.96
test_obstacles1_subject2_keypoints.npy,22.1884,1000,45.07
test_obstacles1_subject5_keypoints.npy,36.3982,1000,27.47
test_obstacles2_subject1_keypoints.npy,34.8369,1000,28.71
test_obstacles2_subject2_keypoints.npy,10.1009,1000,99.00
test_obstacles2_subject5_keypoints.npy,36.4782,1000,27.41
test_obstacles3_subject3_keypoints.npy,40.6559,1000,24.60
test_obstacles3_subject4_keypoints.npy,13.9200,1000,71.84
test_obstacles4_subject2_keypoints.npy,13.2962,1000,75.21
test_obstacles4_subject3_keypoints.npy,26.3761,1000,37.91
test_obstacles4_subject4_keypoints.npy,20.3507,1000,49.14
test_obstacles5_subject2_keypoints.npy,9.8022,1000,102.02
test_obstacles5_subject3_keypoints.npy,24.6797,1000,40.52
test_obstacles5_subject4_keypoints.npy,18.6945,1000,53.49
test_obstacles6_subject1_keypoints.npy,33.8831,1000,29.51
test_obstacles6_subject4_keypoints.npy,11.9332,1000,83.80
test_obstacles6_subject5_keypoints.npy,11.6369,1000,85.93
test_push1_subject2_keypoints.npy,12.1146,1000,82.55
test_pushAndFall1_subject1_keypoints.npy,26.2309,1000,38.12
test_pushAndFall1_subject4_keypoints.npy,15.1791,1000,65.88
test_pushAndStumble1_subject2_keypoints.npy,5.4239,1000,184.37
test_pushAndStumble1_subject3_keypoints.npy,45.0593,1000,22.19
test_pushAndStumble1_subject5_keypoints.npy,26.9665,1000,37.08
test_run1_subject2_keypoints.npy,49.3589,1000,20.26
test_run1_subject5_keypoints.npy,10.5565,1000,94.73
test_run2_subject1_keypoints.npy,16.7812,1000,59.59
test_run2_subject4_keypoints.npy,26.5993,1000,37.60
test_sprint1_subject2_keypoints.npy,7.6038,1000,131.51
test_sprint1_subject4_keypoints.npy,35.9711,1000,27.80
test_walk1_subject1_keypoints.npy,30.7655,1000,32.50
test_walk1_subject2_keypoints.npy,18.1291,1000,55.16
test_walk1_subject5_keypoints.npy,34.7673,1000,28.76
test_walk2_subject1_keypoints.npy,38.4231,1000,26.03
test_walk2_subject3_keypoints.npy,8.6167,1000,116.05
test_walk2_subject4_keypoints.npy,24.9217,1000,40.13
test_walk3_subject1_keypoints.npy,15.4279,1000,64.82
test_walk3_subject2_keypoints.npy,13.1669,1000,75.95
test_walk3_subject3_keypoints.npy,31.1519,1000,32.10
test_walk3_subject4_keypoints.npy,11.3854,1000,87.83
test_walk3_subject5_keypoints.npy,29.2096,1000,34.24
test_walk4_subject1_keypoints.npy,10.3011,1000,97.08
